Workbook

Sheet daily_food_nutrition_dataset.cs
A1: Food_Item | B1: Food_Item_VN | C1: Category | D1: Category_VN | E1: Calories (kcal) | F1: Protein (g) | G1: Carbohydrates (g) | H1: Fat (g) | I1: Fiber (g) | J1: Sugars (g) | K1: Sodium (mg) | L1: Cholesterol (mg) | M1: Meal_Type | N1: Water_Intake (ml)
A2: Scrambled Eggs (2 large) | B2: Trứng chiên (2 quả lớn) | C2: Protein/Dairy | D2: =IFERROR( VLOOKUP(C2, category_map!A:B, 2, FALSE), C2 ) -> Chất đạm/Sữa | E2: 180 | F2: 12 | G2: 2 | H2: 14 | I2: 0 | J2: 1 | K2: 180 | L2: 370 | M2: Breakfast | N2: 250
A3: Whole Wheat Toast (1 slice) | B3: Bánh mì nướng lúa mì nguyên hạt (1 lát) | C3: Grain | D3: =IFERROR( VLOOKUP(C3, category_map!A:B, 2, FALSE), C3 ) -> Ngũ cốc | E3: 80 | F3: 4 | G3: 14 | H3: 1 | I3: 2 | J3: 2 | K3: 140 | L3: 0 | M3: Breakfast | N3: 0
A4: Coffee (black) | B4: Cà phê đen (không đường) | C4: Beverage | D4: =IFERROR( VLOOKUP(C4, category_map!A:B, 2, FALSE), C4 ) -> Đồ uống | E4: 5 | F4: 0.3 | G4: 0 | H4: 0.1 | I4: 0 | J4: 0 | K4: 5 | L4: 0 | M4: Breakfast | N4: 0
A5: Banana | B5: Chuối | C5: Fruit | D5: =IFERROR( VLOOKUP(C5, category_map!A:B, 2, FALSE), C5 ) -> Trái cây | E5: 105 | F5: 46082 | G5: 27 | H5: 0.4 | I5: 46025 | J5: 14 | K5: 1 | L5: 0 | M5: Breakfast | N5: 0
A6: Grilled Chicken Salad | B6: Gỏi Gà Nướng | C6: Meal/Protein | D6: =IFERROR( VLOOKUP(C6, category_map!A:B, 2, FALSE), C6 ) -> Bữa ăn/Chất đạm | E6: 350 | F6: 30 | G6: 10 | H6: 20 | I6: 5 | J6: 4 | K6: 400 | L6: 80 | M6: Lunch | N6: 500
A7: Apple | B7: Táo | C7: Fruit | D7: =IFERROR( VLOOKUP(C7, category_map!A:B, 2, FALSE), C7 ) -> Trái cây | E7: 95 | F7: 0.5 | G7: 25 | H7: 0.3 | I7: 46116 | J7: 19 | K7: 2 | L7: 0 | M7: Snack | N7: 0
A8: Salmon (4oz grilled) | B8: Cá hồi (113 gram nướng) | C8: Protein/Fish | D8: =IFERROR( VLOOKUP(C8, category_map!A:B, 2, FALSE), C8 ) -> Chất đạm/Cá | E8: 230 | F8: 25 | G8: 0 | H8: 14 | I8: 0 | J8: 0 | K8: 60 | L8: 60 | M8: Dinner | N8: 250
A9: Quinoa (1 cup cooked) | B9: Hạt Diêm Mạch (185 gram đã nấu) | C9: Grain | D9: =IFERROR( VLOOKUP(C9, category_map!A:B, 2, FALSE), C9 ) -> Ngũ cốc | E9: 222 | F9: 8 | G9: 39 | H9: 46176 | I9: 5 | J9: 1 | K9: 13 | L9: 0 | M9: Dinner | N9: 0
A10: Steamed Broccoli (1 cup) | B10: Bông cải xanh hấp (120 gram) | C10: Vegetable | D10: =IFERROR( VLOOKUP(C10, category_map!A:B, 2, FALSE), C10 ) -> Rau củ | E10: 55 | F10: 46206 | G10: 46064 | H10: 0.6 | I10: 46027 | J10: 2 | K10: 40 | L10: 0 | M10: Dinner | N10: 0
A11: Greek Yogurt (plain 1 cup) | B11: Sữa Chua Hy Lạp (nguyên chất, 240g) | C11: Dairy | D11: =IFERROR( VLOOKUP(C11, category_map!A:B, 2, FALSE), C11 ) -> Sản phẩm từ sữa | E11: 150 | F11: 25 | G11: 8 | H11: 3 | I11: 0 | J11: 7 | K11: 85 | L11: 10 | M11: Snack | N11: 250
A12: Oatmeal (1 cup cooked) | B12: Bột yến mạch (240 gram đã nấu chín) | C12: Grain | D12: =IFERROR( VLOOKUP(C12, category_map!A:B, 2, FALSE), C12 ) -> Ngũ cốc | E12: 160 | F12: 6 | G12: 28 | H12: 3 | I12: 4 | J12: 1 | K12: 2 | L12: 0 | M12: Breakfast | N12: 250
A13: Blueberries (1/2 cup) | B13: Quả việt quất (74 g) | C13: Fruit | D13: =IFERROR( VLOOKUP(C13, category_map!A:B, 2, FALSE), C13 ) -> Trái cây | E13: 42 | F13: 0.5 | G13: 11 | H13: 0.2 | I13: 46235 | J13: 7 | K13: 1 | L13: 0 | M13: Breakfast | N13: 0
A14: Almonds (1 oz) | B14: Hạnh nhân (28.35 g) | C14: Nut | D14: =IFERROR( VLOOKUP(C14, category_map!A:B, 2, FALSE), C14 ) -> Hạt | E14: 164 | F14: 6 | G14: 6 | H14: 14 | I14: 46145 | J14: 1 | K14: 1 | L14: 0 | M14: Snack | N14: 0
A15: Turkey Sandwich (on wheat) | B15: Bánh Mì Thổ Nhĩ Kỳ (bánh mì lúa mì nguyên cám) | C15: Meal/Processed | D15: =IFERROR( VLOOKUP(C15, category_map!A:B, 2, FALSE), C15 ) -> Bữa ăn/Chế biến | E15: 340 | F15: 22 | G15: 34 | H15: 12 | I15: 5 | J15: 6 | K15: 850 | L15: 50 | M15: Lunch | N15: 500
A16: Carrot Sticks (1 cup) | B16: Cà rốt dạng que (237 ml) | C16: Vegetable | D16: =IFERROR( VLOOKUP(C16, category_map!A:B, 2, FALSE), C16 ) -> Rau củ | E16: 52 | F16: 46054 | G16: 46093 | H16: 0.3 | I16: 46176 | J16: 6 | K16: 88 | L16: 0 | M16: Snack | N16: 0
A17: Spaghetti Bolognese | B17: Mì Ý Sốt Thịt Bò Bằm (Bolognese) | C17: Meal/Pasta | D17: =IFERROR( VLOOKUP(C17, category_map!A:B, 2, FALSE), C17 ) -> Bữa ăn/Mì ống | E17: 460 | F17: 20 | G17: 55 | H17: 18 | I17: 6 | J17: 10 | K17: 700 | L17: 50 | M17: Dinner | N17: 250
A18: Side Salad (light dressing) | B18: Salad phụ (sốt trộn ít béo) | C18: Vegetable | D18: =IFERROR( VLOOKUP(C18, category_map!A:B, 2, FALSE), C18 ) -> Rau củ | E18: 70 | F18: 2 | G18: 8 | H18: 4 | I18: 3 | J18: 3 | K18: 150 | L18: 0 | M18: Dinner | N18: 0
A19: Protein Shake (Whey) | B19: Thức uống bổ sung protein (Whey) | C19: Supplement | D19: =IFERROR( VLOOKUP(C19, category_map!A:B, 2, FALSE), C19 ) -> Thực phẩm bổ sung | E19: 120 | F19: 24 | G19: 3 | H19: 1 | I19: 1 | J19: 2 | K19: 160 | L19: 5 | M19: Snack | N19: 500
A20: Cereal (Frosted Flakes 1 cup) | B20: Ngũ cốc (Frosted Flakes, khẩu phần 240 ml) | C20: Grain/Processed | D20: =IFERROR( VLOOKUP(C20, category_map!A:B, 2, FALSE), C20 ) -> Ngũ cốc/Chế biến | E20: 130 | F20: 2 | G20: 31 | H20: 0 | I20: 1 | J20: 11 | K20: 190 | L20: 0 | M20: Breakfast | N20: 0
A21: Milk (2% 1 cup) | B21: Sữa giảm béo 2% (240ml) | C21: Dairy | D21: =IFERROR( VLOOKUP(C21, category_map!A:B, 2, FALSE), C21 ) -> Sản phẩm từ sữa | E21: 122 | F21: 8 | G21: 12 | H21: 5 | I21: 0 | J21: 12 | K21: 100 | L21: 20 | M21: Breakfast | N21: 0
A22: Lentil Soup (1 can) | B22: Súp Đậu Lăng (1 lon) | C22: Meal/Legume | D22: =IFERROR( VLOOKUP(C22, category_map!A:B, 2, FALSE), C22 ) -> Bữa ăn/Đậu | E22: 230 | F22: 15 | G22: 35 | H22: 3 | I22: 12 | J22: 6 | K22: 650 | L22: 0 | M22: Lunch | N22: 250
A23: White Rice (1 cup cooked) | B23: Cơm trắng (186 g, đã nấu) | C23: Grain | D23: =IFERROR( VLOOKUP(C23, category_map!A:B, 2, FALSE), C23 ) -> Ngũ cốc | E23: 204 | F23: 46057 | G23: 44.5 | H23: 0.4 | I23: 0.6 | J23: 0.1 | K23: 2 | L23: 0 | M23: Dinner | N23: 0
A24: Tofu Stir-fry | B24: Đậu phụ xào | C24: Meal/Vegetarian | D24: =IFERROR( VLOOKUP(C24, category_map!A:B, 2, FALSE), C24 ) -> Bữa ăn/Chay | E24: 400 | F24: 18 | G24: 30 | H24: 22 | I24: 7 | J24: 9 | K24: 500 | L24: 0 | M24: Dinner | N24: 250
A25: Orange | B25: Quả Cam | C25: Fruit | D25: =IFERROR( VLOOKUP(C25, category_map!A:B, 2, FALSE), C25 ) -> Trái cây | E25: 62 | F25: 46054 | G25: 46127 | H25: 0.2 | I25: 46025 | J25: 12 | K25: 0 | L25: 0 | M25: Snack | N25: 0
A26: Bagel (plain) | B26: Bánh mì vòng (thường) | C26: Grain | D26: =IFERROR( VLOOKUP(C26, category_map!A:B, 2, FALSE), C26 ) -> Ngũ cốc | E26: 270 | F26: 11 | G26: 55 | H26: 46143 | I26: 2 | J26: 5 | K26: 430 | L26: 0 | M26: Breakfast | N26: 250
A27: Cream Cheese (2 tbsp) | B27: Phô mai kem (khoảng 34 g) | C27: Dairy | D27: =IFERROR( VLOOKUP(C27, category_map!A:B, 2, FALSE), C27 ) -> Sản phẩm từ sữa | E27: 100 | F27: 2 | G27: 2 | H27: 10 | I27: 0 | J27: 1 | K27: 90 | L27: 30 | M27: Breakfast | N27: 0
A28: Tuna Salad (1/2 cup) | B28: Salad Cá Ngừ (1,2 dl) | C28: Meal/Fish | D28: =IFERROR( VLOOKUP(C28, category_map!A:B, 2, FALSE), C28 ) -> Bữa ăn/Cá | E28: 190 | F28: 19 | G28: 2 | H28: 12 | I28: 1 | J28: 1 | K28: 400 | L28: 30 | M28: Lunch | N28: 500
A29: Crackers (5 whole wheat) | B29: Bánh quy giòn (5 chiếc, làm từ lúa mì nguyên hạt) | C29: Grain/Processed | D29: =IFERROR( VLOOKUP(C29, category_map!A:B, 2, FALSE), C29 ) -> Ngũ cốc/Chế biến | E29: 90 | F29: 2 | G29: 14 | H29: 3 | I29: 2 | J29: 0 | K29: 180 | L29: 0 | M29: Lunch | N29: 0
A30: Beef Steak (6oz sirloin) | B30: Bít tết bò (thăn nội 170g) | C30: Protein/Meat | D30: =IFERROR( VLOOKUP(C30, category_map!A:B, 2, FALSE), C30 ) -> Chất đạm/Thịt | E30: 270 | F30: 42 | G30: 0 | H30: 10 | I30: 0 | J30: 0 | K30: 90 | L30: 115 | M30: Dinner | N30: 250
A31: Baked Potato (medium) | B31: Khoai tây nướng (cỡ trung bình) | C31: Vegetable | D31: =IFERROR( VLOOKUP(C31, category_map!A:B, 2, FALSE), C31 ) -> Rau củ | E31: 160 | F31: 46085 | G31: 36 | H31: 0.2 | I31: 46237 | J31: 1 | K31: 17 | L31: 0 | M31: Dinner | N31: 0
A32: Ice Cream (1/2 cup vanilla) | B32: Kem Vani (65 g) | C32: Dairy/Dessert | D32: =IFERROR( VLOOKUP(C32, category_map!A:B, 2, FALSE), C32 ) -> Sữa/Tráng miệng | E32: 145 | F32: 46144 | G32: 17 | H32: 46149 | I32: 0.5 | J32: 16 | K32: 55 | L32: 30 | M32: Snack | N32: 0
A33: Pizza (1 slice pepperoni) | B33: Pizza (1 lát pepperoni) | C33: Meal/Processed | D33: =IFERROR( VLOOKUP(C33, category_map!A:B, 2, FALSE), C33 ) -> Bữa ăn/Chế biến | E33: 290 | F33: 12 | G33: 34 | H33: 12 | I33: 2 | J33: 4 | K33: 720 | L33: 35 | M33: Dinner | N33: 250
A34: Avocado Toast (1 slice) | B34: Bánh mì nướng bơ (1 lát) | C34: Meal/Vegetarian | D34: =IFERROR( VLOOKUP(C34, category_map!A:B, 2, FALSE), C34 ) -> Bữa ăn/Chay | E34: 260 | F34: 7 | G34: 28 | H34: 15 | I34: 10 | J34: 1 | K34: 350 | L34: 0 | M34: Breakfast | N34: 500
A35: Hard-Boiled Egg (1 large) | B35: Trứng Gà Luộc Chín (1 quả lớn) | C35: Protein | D35: =IFERROR( VLOOKUP(C35, category_map!A:B, 2, FALSE), C35 ) -> Chất đạm | E35: 78 | F35: 46087 | G35: 0.6 | H35: 46086 | I35: 0 | J35: 0.5 | K35: 62 | L35: 187 | M35: Snack | N35: 0
A36: Chicken Wrap (with tortilla) | B36: Bánh Cuộn Gà (kèm vỏ bánh tortilla) | C36: Meal/Processed | D36: =IFERROR( VLOOKUP(C36, category_map!A:B, 2, FALSE), C36 ) -> Bữa ăn/Chế biến | E36: 410 | F36: 25 | G36: 38 | H36: 17 | I36: 5 | J36: 3 | K36: 780 | L36: 60 | M36: Lunch | N36: 250
A37: Grapes (1 cup) | B37: Nho (150 gram) | C37: Fruit | D37: =IFERROR( VLOOKUP(C37, category_map!A:B, 2, FALSE), C37 ) -> Trái cây | E37: 104 | F37: 46023 | G37: 27 | H37: 0.2 | I37: 46113 | J37: 23 | K37: 3 | L37: 0 | M37: Snack | N37: 0
A38: Cottage Cheese (1/2 cup) | B38: Phô mai Cottage (khoảng 120 ml) | C38: Dairy | D38: =IFERROR( VLOOKUP(C38, category_map!A:B, 2, FALSE), C38 ) -> Sản phẩm từ sữa | E38: 90 | F38: 12 | G38: 5 | H38: 3 | I38: 0 | J38: 4 | K38: 400 | L38: 10 | M38: Snack | N38: 0
A39: Burger (cheeseburger) | B39: Bánh mì kẹp thịt bò (thịt bò và phô mai) | C39: Meal/Processed | D39: =IFERROR( VLOOKUP(C39, category_map!A:B, 2, FALSE), C39 ) -> Bữa ăn/Chế biến | E39: 550 | F39: 30 | G39: 40 | H39: 30 | I39: 3 | J39: 7 | K39: 1100 | L39: 90 | M39: Dinner | N39: 500
A40: French Fries (medium) | B40: Khoai tây chiên (cỡ vừa) | C40: Vegetable/Processed | D40: =IFERROR( VLOOKUP(C40, category_map!A:B, 2, FALSE), C40 ) -> Rau củ/Chế biến | E40: 340 | F40: 4 | G40: 44 | H40: 17 | I40: 4 | J40: 0.3 | K40: 230 | L40: 0 | M40: Dinner | N40: 0
A41: Protein Bar | B41: Thanh protein | C41: Supplement/Processed | D41: =IFERROR( VLOOKUP(C41, category_map!A:B, 2, FALSE), C41 ) -> Thực phẩm bổ sung/Chế biến | E41: 210 | F41: 20 | G41: 22 | H41: 7 | I41: 6 | J41: 1 | K41: 180 | L41: 5 | M41: Snack | N41: 500
A42: Black Beans (1/2 cup) | B42: Đậu đen (122g) | C42: Legume | D42: =IFERROR( VLOOKUP(C42, category_map!A:B, 2, FALSE), C42 ) -> Đậu | E42: 114 | F42: 46180 | G42: 46132 | H42: 0.5 | I42: 46149 | J42: 0.3 | K42: 1 | L42: 0 | M42: Lunch | N42: 0
A43: Salsa (1/4 cup) | B43: Salsa (khoảng 59 ml) | C43: Vegetable | D43: =IFERROR( VLOOKUP(C43, category_map!A:B, 2, FALSE), C43 ) -> Rau củ | E43: 20 | F43: 0.8 | G43: 46146 | H43: 0.1 | I43: 1 | J43: 3 | K43: 250 | L43: 0 | M43: Lunch | N43: 0
A44: Chicken Noodle Soup (1 can) | B44: Súp Gà Nui (1 lon) | C44: Meal/Processed | D44: =IFERROR( VLOOKUP(C44, category_map!A:B, 2, FALSE), C44 ) -> Bữa ăn/Chế biến | E44: 150 | F44: 7 | G44: 18 | H44: 5 | I44: 2 | J44: 2 | K44: 890 | L44: 15 | M44: Lunch | N44: 250
A45: Peanut Butter (2 tbsp) | B45: Bơ Đậu Phộng (30 ml) | C45: Nut | D45: =IFERROR( VLOOKUP(C45, category_map!A:B, 2, FALSE), C45 ) -> Hạt | E45: 190 | F45: 7 | G45: 8 | H45: 16 | I45: 2 | J45: 3 | K45: 140 | L45: 0 | M45: Snack | N45: 0
A46: Celery Sticks (1 cup) | B46: Cọng cần tây (100 gram) | C46: Vegetable | D46: =IFERROR( VLOOKUP(C46, category_map!A:B, 2, FALSE), C46 ) -> Rau củ | E46: 14 | F46: 0.6 | G46: 3 | H46: 0.2 | I46: 46113 | J46: 46054 | K46: 77 | L46: 0 | M46: Snack | N46: 0
A47: Cod (4oz baked) | B47: Cá tuyết (113g nướng) | C47: Protein/Fish | D47: =IFERROR( VLOOKUP(C47, category_map!A:B, 2, FALSE), C47 ) -> Chất đạm/Cá | E47: 95 | F47: 20 | G47: 0 | H47: 0.8 | I47: 0 | J47: 0 | K47: 95 | L47: 55 | M47: Dinner | N47: 250
A48: Green Beans (1 cup) | B48: Đậu que (100 gram) | C48: Vegetable | D48: =IFERROR( VLOOKUP(C48, category_map!A:B, 2, FALSE), C48 ) -> Rau củ | E48: 31 | F48: 46235 | G48: 7 | H48: 0.2 | I48: 46205 | J48: 46084 | K48: 6 | L48: 0 | M48: Dinner | N48: 0
A49: Chocolate Chip Cookie (1 large) | B49: Bánh quy sô-cô-la chip (1 chiếc cỡ lớn) | C49: Dessert | D49: =IFERROR( VLOOKUP(C49, category_map!A:B, 2, FALSE), C49 ) -> Tráng miệng | E49: 220 | F49: 46144 | G49: 30 | H49: 11 | I49: 46143 | J49: 19 | K49: 160 | L49: 20 | M49: Snack | N49: 0
A50: Tea (Green 1 cup) | B50: Trà xanh (240 ml) | C50: Beverage | D50: =IFERROR( VLOOKUP(C50, category_map!A:B, 2, FALSE), C50 ) -> Đồ uống | E50: 2 | F50: 0.5 | G50: 0 | H50: 0 | I50: 0 | J50: 0 | K50: 2 | L50: 0 | M50: Breakfast | N50: 250
A51: Shrimp (3oz steamed) | B51: Tôm (85g hấp) | C51: Protein/Fish | D51: =IFERROR( VLOOKUP(C51, category_map!A:B, 2, FALSE), C51 ) -> Chất đạm/Cá | E51: 84 | F51: 20 | G51: 0.2 | H51: 0.2 | I51: 0 | J51: 0 | K51: 100 | L51: 161 | M51: Dinner | N51: 250
A52: Pancakes (2 medium) | B52: Bánh kếp (2 cỡ vừa) | C52: Grain | D52: =IFERROR( VLOOKUP(C52, category_map!A:B, 2, FALSE), C52 ) -> Ngũ cốc | E52: 180 | F52: 5 | G52: 30 | H52: 5 | I52: 1 | J52: 6 | K52: 450 | L52: 25 | M52: Breakfast | N52: 0
A53: Maple Syrup (2 tbsp) | B53: Xi-rô phong (30 mL) | C53: Condiment | D53: =IFERROR( VLOOKUP(C53, category_map!A:B, 2, FALSE), C53 ) -> Gia vị | E53: 104 | F53: 0 | G53: 27 | H53: 0 | I53: 0 | J53: 24 | K53: 2 | L53: 0 | M53: Breakfast | N53: 0
A54: Sausage Link (1 cooked) | B54: Xúc xích liên kết (1 cái đã nấu chín) | C54: Protein/Meat | D54: =IFERROR( VLOOKUP(C54, category_map!A:B, 2, FALSE), C54 ) -> Chất đạm/Thịt | E54: 85 | F54: 5 | G54: 1 | H54: 7 | I54: 0 | J54: 0.5 | K54: 300 | L54: 20 | M54: Breakfast | N54: 0
A55: Smoothie (Fruit & Yogurt) | B55: Sinh tố (Trái cây & Sữa chua) | C55: Beverage/Meal | D55: =IFERROR( VLOOKUP(C55, category_map!A:B, 2, FALSE), C55 ) -> Đồ uống/Bữa ăn | E55: 280 | F55: 12 | G55: 55 | H55: 3 | I55: 7 | J55: 40 | K55: 70 | L55: 5 | M55: Breakfast | N55: 250
A56: Tofu (4oz firm) | B56: Đậu phụ (113g, dạng cứng) | C56: Protein/Vegetarian | D56: =IFERROR( VLOOKUP(C56, category_map!A:B, 2, FALSE), C56 ) -> Chất đạm/Chay | E56: 90 | F56: 10 | G56: 3 | H56: 5 | I56: 2 | J56: 1 | K56: 10 | L56: 0 | M56: Lunch | N56: 0
A57: Brown Rice (1 cup cooked) | B57: Gạo lứt (195g đã nấu chín) | C57: Grain | D57: =IFERROR( VLOOKUP(C57, category_map!A:B, 2, FALSE), C57 ) -> Ngũ cốc | E57: 215 | F57: 5 | G57: 45 | H57: 46235 | I57: 46145 | J57: 0.4 | K57: 10 | L57: 0 | M57: Lunch | N57: 0
A58: Bell Pepper (1 medium red) | B58: Ớt chuông (1 quả đỏ cỡ vừa) | C58: Vegetable | D58: =IFERROR( VLOOKUP(C58, category_map!A:B, 2, FALSE), C58 ) -> Rau củ | E58: 31 | F58: 46054 | G58: 6 | H58: 0.3 | I58: 46024 | J58: 46057 | K58: 4 | L58: 0 | M58: Lunch | N58: 0
A59: Hummus (2 tbsp) | B59: Hummus (30ml) | C59: Legume | D59: =IFERROR( VLOOKUP(C59, category_map!A:B, 2, FALSE), C59 ) -> Đậu | E59: 70 | F59: 2 | G59: 4 | H59: 5 | I59: 2 | J59: 0 | K59: 130 | L59: 0 | M59: Snack | N59: 0
A60: Pita Bread (1 whole wheat) | B60: Bánh mì Pita (1 cái làm từ lúa mì nguyên cám) | C60: Grain | D60: =IFERROR( VLOOKUP(C60, category_map!A:B, 2, FALSE), C60 ) -> Ngũ cốc | E60: 170 | F60: 6 | G60: 35 | H60: 46143 | I60: 5 | J60: 2 | K60: 320 | L60: 0 | M60: Snack | N60: 0
A61: Pork Chop (4oz grilled) | B61: Sườn heo (113g nướng) | C61: Protein/Meat | D61: =IFERROR( VLOOKUP(C61, category_map!A:B, 2, FALSE), C61 ) -> Chất đạm/Thịt | E61: 220 | F61: 30 | G61: 0 | H61: 10 | I61: 0 | J61: 0 | K61: 70 | L61: 85 | M61: Dinner | N61: 250
A62: Mashed Potatoes (1 cup) | B62: Khoai tây nghiền (240 ml) | C62: Vegetable | D62: =IFERROR( VLOOKUP(C62, category_map!A:B, 2, FALSE), C62 ) -> Rau củ | E62: 230 | F62: 4 | G62: 35 | H62: 8 | I62: 3 | J62: 2 | K62: 350 | L62: 15 | M62: Dinner | N62: 0
A63: Corn (1 cup) | B63: Ngô (175 g) | C63: Vegetable | D63: =IFERROR( VLOOKUP(C63, category_map!A:B, 2, FALSE), C63 ) -> Rau củ | E63: 132 | F63: 46207 | G63: 30 | H63: 46235 | I63: 46176 | J63: 46273 | K63: 2 | L63: 0 | M63: Dinner | N63: 0
A64: Soda (1 can Coke) | B64: Nước ngọt có ga (1 lon Coca) | C64: Beverage | D64: =IFERROR( VLOOKUP(C64, category_map!A:B, 2, FALSE), C64 ) -> Đồ uống | E64: 140 | F64: 0 | G64: 39 | H64: 0 | I64: 0 | J64: 39 | K64: 45 | L64: 0 | M64: Snack | N64: 355
A65: Pretzels (1 oz) | B65: Bánh quy que (28 g) | C65: Grain/Processed | D65: =IFERROR( VLOOKUP(C65, category_map!A:B, 2, FALSE), C65 ) -> Ngũ cốc/Chế biến | E65: 110 | F65: 3 | G65: 23 | H65: 1 | I65: 1 | J65: 1 | K65: 450 | L65: 0 | M65: Snack | N65: 0
A66: Cheddar Cheese (1 oz) | B66: Phô mai Cheddar (28g) | C66: Dairy | D66: =IFERROR( VLOOKUP(C66, category_map!A:B, 2, FALSE), C66 ) -> Sản phẩm từ sữa | E66: 115 | F66: 7 | G66: 1 | H66: 46151 | I66: 0 | J66: 0.5 | K66: 180 | L66: 30 | M66: Snack | N66: 0
A67: Caesar Salad (with chicken) | B67: Salad Caesar (kèm thịt gà) | C67: Meal/Protein | D67: =IFERROR( VLOOKUP(C67, category_map!A:B, 2, FALSE), C67 ) -> Bữa ăn/Chất đạm | E67: 470 | F67: 30 | G67: 15 | H67: 30 | I67: 3 | J67: 3 | K67: 890 | L67: 75 | M67: Lunch | N67: 250
A68: Orange Juice (1 cup) | B68: Nước cam ép (240 ml) | C68: Beverage | D68: =IFERROR( VLOOKUP(C68, category_map!A:B, 2, FALSE), C68 ) -> Đồ uống | E68: 112 | F68: 46204 | G68: 46259 | H68: 0.5 | I68: 0.7 | J68: 46254 | K68: 2 | L68: 0 | M68: Breakfast | N68: 240
A69: Bacon (2 slices cooked) | B69: Thịt ba rọi xông khói (2 lát đã nấu chín) | C69: Protein/Meat | D69: =IFERROR( VLOOKUP(C69, category_map!A:B, 2, FALSE), C69 ) -> Chất đạm/Thịt | E69: 86 | F69: 6 | G69: 0.2 | H69: 46240 | I69: 0 | J69: 0.1 | K69: 330 | L69: 18 | M69: Breakfast | N69: 0
A70: Waffles (2 homemade) | B70: Bánh Waffle (2 cái tự làm) | C70: Grain | D70: =IFERROR( VLOOKUP(C70, category_map!A:B, 2, FALSE), C70 ) -> Ngũ cốc | E70: 220 | F70: 6 | G70: 28 | H70: 9 | I70: 46143 | J70: 3 | K70: 420 | L70: 45 | M70: Breakfast | N70: 0
A71: Pear | B71: Lê | C71: Fruit | D71: =IFERROR( VLOOKUP(C71, category_map!A:B, 2, FALSE), C71 ) -> Trái cây | E71: 101 | F71: 0.6 | G71: 27 | H71: 0.2 | I71: 46147 | J71: 16 | K71: 2 | L71: 0 | M71: Snack | N71: 0
A72: Chicken Breast (4oz roasted) | B72: Ức gà (113g, quay/nướng) | C72: Protein/Meat | D72: =IFERROR( VLOOKUP(C72, category_map!A:B, 2, FALSE), C72 ) -> Chất đạm/Thịt | E72: 185 | F72: 35 | G72: 0 | H72: 4 | I72: 0 | J72: 0 | K72: 80 | L72: 95 | M72: Lunch | N72: 500
A73: Mixed Nuts (1/4 cup) | B73: Hỗn hợp các loại hạt (60 ml) | C73: Nut | D73: =IFERROR( VLOOKUP(C73, category_map!A:B, 2, FALSE), C73 ) -> Hạt | E73: 200 | F73: 6 | G73: 8 | H73: 18 | I73: 3 | J73: 2 | K73: 1 | L73: 0 | M73: Snack | N73: 0
A74: Tilapia (4oz baked) | B74: Cá rô phi (113,4g nướng) | C74: Protein/Fish | D74: =IFERROR( VLOOKUP(C74, category_map!A:B, 2, FALSE), C74 ) -> Chất đạm/Cá | E74: 110 | F74: 22 | G74: 0 | H74: 46144 | I74: 0 | J74: 0 | K74: 50 | L74: 50 | M74: Dinner | N74: 0
A75: Asparagus (1 cup steamed) | B75: Măng tây (175g hấp) | C75: Vegetable | D75: =IFERROR( VLOOKUP(C75, category_map!A:B, 2, FALSE), C75 ) -> Rau củ | E75: 40 | F75: 46085 | G75: 46119 | H75: 0.4 | I75: 46176 | J75: 46145 | K75: 4 | L75: 0 | M75: Dinner | N75: 0
A76: Sweet Potato (1 medium baked) | B76: Khoai lang (1 củ nướng cỡ trung bình) | C76: Vegetable | D76: =IFERROR( VLOOKUP(C76, category_map!A:B, 2, FALSE), C76 ) -> Rau củ | E76: 103 | F76: 46083 | G76: 46196 | H76: 0.2 | I76: 46237 | J76: 46119 | K76: 41 | L76: 0 | M76: Dinner | N76: 0
A77: Popcorn (3 cups air-popped) | B77: Bỏng ngô (3 cốc nổ bằng khí nóng) | C77: Grain | D77: =IFERROR( VLOOKUP(C77, category_map!A:B, 2, FALSE), C77 ) -> Ngũ cốc | E77: 93 | F77: 3 | G77: 46191 | H77: 46023 | I77: 46176 | J77: 0.1 | K77: 2 | L77: 0 | M77: Snack | N77: 250
A78: Raisins (1/4 cup) | B78: Đã xảy ra lỗi. Hãy thử lại. | C78: Fruit | D78: =IFERROR( VLOOKUP(C78, category_map!A:B, 2, FALSE), C78 ) -> Trái cây | E78: 130 | F78: 46082 | G78: 34 | H78: 0.2 | I78: 46174 | J78: 25 | K78: 5 | L78: 0 | M78: Snack | N78: 0
A79: Macaroni & Cheese (1 cup) | B79: Macaroni và Pho mát (240 ml) | C79: Meal/Pasta | D79: =IFERROR( VLOOKUP(C79, category_map!A:B, 2, FALSE), C79 ) -> Bữa ăn/Mì ống | E79: 350 | F79: 10 | G79: 40 | H79: 17 | I79: 2 | J79: 5 | K79: 750 | L79: 40 | M79: Lunch | N79: 250
A80: Tomato Soup (1 can) | B80: Súp Cà Chua (1 lon) | C80: Meal/Vegetable | D80: =IFERROR( VLOOKUP(C80, category_map!A:B, 2, FALSE), C80 ) -> Bữa ăn/Rau củ | E80: 170 | F80: 4 | G80: 25 | H80: 6 | I80: 4 | J80: 15 | K80: 900 | L80: 10 | M80: Lunch | N80: 0
A81: Grilled Cheese Sandwich | B81: Bánh Mì Nướng Phô Mai | C81: Meal/Processed | D81: =IFERROR( VLOOKUP(C81, category_map!A:B, 2, FALSE), C81 ) -> Bữa ăn/Chế biến | E81: 390 | F81: 15 | G81: 32 | H81: 22 | I81: 3 | J81: 4 | K81: 800 | L81: 60 | M81: Lunch | N81: 0
A82: Beef Tacos (2 hard shell) | B82: Tacos Bò (2 vỏ cứng) | C82: Meal/Meat | D82: =IFERROR( VLOOKUP(C82, category_map!A:B, 2, FALSE), C82 ) -> Bữa ăn/Thịt | E82: 380 | F82: 18 | G82: 28 | H82: 22 | I82: 5 | J82: 3 | K82: 600 | L82: 50 | M82: Dinner | N82: 500
A83: Refried Beans (1/2 cup) | B83: Đậu nghiền (120 ml) | C83: Legume | D83: =IFERROR( VLOOKUP(C83, category_map!A:B, 2, FALSE), C83 ) -> Đậu | E83: 115 | F83: 7 | G83: 19 | H83: 1 | I83: 6 | J83: 1 | K83: 480 | L83: 0 | M83: Dinner | N83: 0
A84: Guacamole (1/4 cup) | B84: Guacamole (60 mL) | C84: Vegetable/Condiment | D84: =IFERROR( VLOOKUP(C84, category_map!A:B, 2, FALSE), C84 ) -> Rau củ/Gia vị | E84: 90 | F84: 1 | G84: 4 | H84: 8 | I84: 3 | J84: 0.5 | K84: 120 | L84: 0 | M84: Dinner | N84: 0
A85: Watermelon (1 cup diced) | B85: Dưa hấu (152 gram cắt hạt lựu) | C85: Fruit | D85: =IFERROR( VLOOKUP(C85, category_map!A:B, 2, FALSE), C85 ) -> Trái cây | E85: 46 | F85: 0.9 | G85: 46153 | H85: 0.2 | I85: 0.6 | J85: 46121 | K85: 2 | L85: 0 | M85: Snack | N85: 0
A86: English Muffin (whole wheat) | B86: Bánh Muffin Kiểu Anh (ngũ cốc nguyên hạt) | C86: Grain | D86: =IFERROR( VLOOKUP(C86, category_map!A:B, 2, FALSE), C86 ) -> Ngũ cốc | E86: 134 | F86: 6 | G86: 26 | H86: 1 | I86: 46116 | J86: 1 | K86: 210 | L86: 0 | M86: Breakfast | N86: 250
A87: Peanut Butter & Jelly Sandwich | B87: Bánh mì kẹp bơ đậu phộng và mứt trái cây (thạch) | C87: Meal/Processed | D87: =IFERROR( VLOOKUP(C87, category_map!A:B, 2, FALSE), C87 ) -> Bữa ăn/Chế biến | E87: 390 | F87: 12 | G87: 50 | H87: 17 | I87: 5 | J87: 20 | K87: 450 | L87: 0 | M87: Lunch | N87: 250
A88: Clam Chowder (1 cup) | B88: Súp nghêu (240 ml) | C88: Meal/Seafood | D88: =IFERROR( VLOOKUP(C88, category_map!A:B, 2, FALSE), C88 ) -> Bữa ăn/Hải sản | E88: 200 | F88: 10 | G88: 18 | H88: 9 | I88: 1 | J88: 2 | K88: 870 | L88: 30 | M88: Lunch | N88: 0
A89: Iced Tea (Sweetened 16oz) | B89: Trà đá (đã làm ngọt 473 ml) | C89: Beverage | D89: =IFERROR( VLOOKUP(C89, category_map!A:B, 2, FALSE), C89 ) -> Đồ uống | E89: 180 | F89: 0 | G89: 46 | H89: 0 | I89: 0 | J89: 46 | K89: 15 | L89: 0 | M89: Snack | N89: 500
A90: Lasagna (1 serving meat) | B90: Lasagna (1 khẩu phần thịt) | C90: Meal/Pasta | D90: =IFERROR( VLOOKUP(C90, category_map!A:B, 2, FALSE), C90 ) -> Bữa ăn/Mì ống | E90: 350 | F90: 20 | G90: 30 | H90: 17 | I90: 4 | J90: 7 | K90: 850 | L90: 55 | M90: Dinner | N90: 250
A91: Garlic Bread (1 slice) | B91: Bánh Mì Bơ Tỏi (1 lát) | C91: Grain | D91: =IFERROR( VLOOKUP(C91, category_map!A:B, 2, FALSE), C91 ) -> Ngũ cốc | E91: 150 | F91: 4 | G91: 18 | H91: 7 | I91: 1 | J91: 1 | K91: 310 | L91: 0 | M91: Dinner | N91: 0
A92: Chocolate Milk (1 cup) | B92: Sữa Sô-cô-la (240 ml) | C92: Beverage/Dairy | D92: =IFERROR( VLOOKUP(C92, category_map!A:B, 2, FALSE), C92 ) -> Đồ uống/Sữa | E92: 200 | F92: 8 | G92: 26 | H92: 8 | I92: 1 | J92: 24 | K92: 160 | L92: 30 | M92: Snack | N92: 0
A93: White Bread (1 slice) | B93: Bánh mì trắng (1 lát) | C93: Grain | D93: =IFERROR( VLOOKUP(C93, category_map!A:B, 2, FALSE), C93 ) -> Ngũ cốc | E93: 70 | F93: 2 | G93: 13 | H93: 1 | I93: 0.6 | J93: 46054 | K93: 140 | L93: 0 | M93: Breakfast | N93: 0
A94: Jelly (1 tbsp grape) | B94: Thạch (15 gam nho) | C94: Condiment | D94: =IFERROR( VLOOKUP(C94, category_map!A:B, 2, FALSE), C94 ) -> Gia vị | E94: 50 | F94: 0 | G94: 13 | H94: 0 | I94: 0.1 | J94: 12 | K94: 5 | L94: 0 | M94: Breakfast | N94: 0
A95: Veggie Burger (1 patty) | B95: Burger Rau Củ (1 miếng chả) | C95: Protein/Vegetarian | D95: =IFERROR( VLOOKUP(C95, category_map!A:B, 2, FALSE), C95 ) -> Chất đạm/Chay | E95: 120 | F95: 11 | G95: 10 | H95: 4 | I95: 5 | J95: 1 | K95: 350 | L95: 0 | M95: Lunch | N95: 250
A96: Bun (hamburger) | B96: Bánh mì kẹp thịt (Hamburger) | C96: Grain | D96: =IFERROR( VLOOKUP(C96, category_map!A:B, 2, FALSE), C96 ) -> Ngũ cốc | E96: 140 | F96: 4 | G96: 26 | H96: 2 | I96: 1 | J96: 4 | K96: 260 | L96: 0 | M96: Lunch | N96: 0
A97: Ketchup (1 tbsp) | B97: Sốt cà chua (15 mL) | C97: Condiment | D97: =IFERROR( VLOOKUP(C97, category_map!A:B, 2, FALSE), C97 ) -> Gia vị | E97: 20 | F97: 0.2 | G97: 5 | H97: 0.1 | I97: 0.2 | J97: 4 | K97: 160 | L97: 0 | M97: Lunch | N97: 0
A98: Muffin (Blueberry 1 large) | B98: Bánh muffin (Việt quất, 1 cái lớn) | C98: Grain/Dessert | D98: =IFERROR( VLOOKUP(C98, category_map!A:B, 2, FALSE), C98 ) -> Ngũ cốc/Tráng miệng | E98: 380 | F98: 5 | G98: 55 | H98: 16 | I98: 2 | J98: 30 | K98: 350 | L98: 50 | M98: Breakfast | N98: 250
A99: Coffee (with cream/sugar) | B99: Cà phê (có kem/đường) | C99: Beverage | D99: =IFERROR( VLOOKUP(C99, category_map!A:B, 2, FALSE), C99 ) -> Đồ uống | E99: 50 | F99: 0.5 | G99: 5 | H99: 3 | I99: 0 | J99: 46146 | K99: 10 | L99: 10 | M99: Breakfast | N99: 250
A100: Potato Chips (1 oz) | B100: Khoai tây chiên (1 oz) | C100: Snack/Processed | D100: =IFERROR( VLOOKUP(C100, category_map!A:B, 2, FALSE), C100 ) -> Đồ ăn nhẹ/Chế biến | E100: 160 | F100: 2 | G100: 15 | H100: 10 | I100: 1 | J100: 0.5 | K100: 170 | L100: 0 | M100: Snack | N100: 0
...

Sheet category_map
A1: Category (EN) | B1: Category (VI)
A2: Protein/Dairy | B2: Chất đạm/Sữa
A3: Grain | B3: Ngũ cốc
A4: Beverage | B4: Đồ uống
A5: Fruit | B5: Trái cây
A6: Meal/Protein | B6: Bữa ăn/Chất đạm
A7: Protein/Fish | B7: Chất đạm/Cá
A8: Vegetable | B8: Rau củ
A9: Dairy | B9: Sản phẩm từ sữa
A10: Nut | B10: Hạt
A11: Meal/Processed | B11: Bữa ăn/Chế biến
A12: Meal/Pasta | B12: Bữa ăn/Mì ống
... A47: Snack/Appetizer | B47: Đồ ăn nhẹ/Khai vị
